id,question,answer,category
faq_001,"What is the payment plan for DHA Phase 5 plots?","DHA Phase 5 plots typically offer 20% down payment with 48 monthly installments. For a 10 marla plot at 3.5 crore, that's 70 lakh down and 58,333/month. Some phases offer 10-15% down with 60-72 installments.","payment_plans"
faq_002,"What are the maintenance charges in DHA?","DHA maintenance charges are typically 5-7 rupees per sqft per month. For a 10 marla plot (2700 sqft), that's 13,500-18,900 PKR/month. Covers security, parks, roads, waste management.","maintenance"
faq_003,"Is there a mosque in DHA Phase 5?","Yes, DHA Phase 5 has multiple mosques including the main Jamia Masjid in Sector A and smaller mosques in each sector. All sectors have prayer facilities within walking distance.","amenities"
faq_004,"What schools are near DHA Phase 5?","Top schools near DHA Phase 5: LGS (Lahore Grammar School) Phase 5, Beaconhouse School System DHA Campus, Aitchison College (nearby), Lahore American School, and several preschools.","schools"
faq_005,"What hospitals are near DHA Phase 8?","Nearby hospitals: Shaukat Khanum Memorial Cancer Hospital (5 min), Doctors Hospital (8 min), Ittefaq Hospital (10 min), and several clinics within DHA.","hospitals"
faq_006,"What is the payment plan for Bahria Town plots?","Bahria Town typically offers 15-25% down payment with 48-60 monthly installments. For a 5 marla plot at 1.5 crore: 30 lakh down (20%), 2.5 lakh/month for 48 months. Some phases offer 10% down with 72 installments.","payment_plans"
faq_007,"What are the nearby schools in Bahria Town Phase 8?","Schools near Bahria Town Phase 8: Roots Millennium School Bahria Campus, Beaconhouse School System Bahria Town, The City School Bahria Town, and several preschools.","schools"
faq_008,"Is Bahria Enclave a good investment?","Bahria Enclave has shown 8-10% annual appreciation historically. Rental yield is 5-6%. New metro route approved nearby. Good for long-term hold (5+ years). Current prices: 5 marla plot ~1.2Cr, 10 marla house ~4.2Cr.","investment"
faq_009,"What are the maintenance charges in Bahria Town?","Bahria Town maintenance: 4-6 rupees/sqft/month for residential, 8-10 rupees/sqft/month for commercial. Includes security, parks, roads, waste, community centers. Billed quarterly.","maintenance"
faq_010,"What is the possession date for DHA Phase 9 Prism?","DHA Phase 9 Prism possession is December 2026. Current development: roads 80% complete, underground wiring 60%, park development 40%. On track for timely delivery.","possession"
faq_011,"Are there commercial plots available in DHA?","Yes, DHA Phase 6 and Phase 9 have commercial plots on main boulevards. Prices: 5400 sqft (1 kanal) ~7.5-8.5 Cr. High traffic, good for retail/office. 35-40% down, 36 installments.","commercial"
faq_012,"What is the rental yield in DHA Lahore?","DHA Lahore rental yields: 5 marla house ~45-55k/month (5-6% yield), 10 marla house ~80-100k/month (5-6% yield), 1 kanal house ~150-200k/month (4-5% yield). Commercial: 8-10% yield.","investment"
faq_013,"How to transfer property in DHA?","DHA transfer process: 1) NOC from DHA (2-3 weeks), 2) Pay transfer fee (1% of DC value + 1% of FBR value), 3) Register at sub-registrar, 4) Update DHA records. Total time: 4-6 weeks.","legal"
faq_014,"What is the corner plot premium in DHA?","Corner plots in DHA command 10-15% premium over regular plots. Two-corner (corner + main boulevard) can be 20-25% premium. Better ventilation, light, and resale value.","pricing"
faq_015,"Is Gulberg III a good area for investment?","Gulberg III: Mature area, high demand. 5 marla house ~2.8Cr. Rental yield 6-7%. Limited new supply. Good for rental income. Commercial potential on main roads. Metro access nearby.","investment"
faq_016,"What are the water/electricity status in Bahria Enclave?","Bahria Enclave: Own water filtration plant (24/7 supply), dedicated electricity feeders (minimal load shedding), backup generators for common areas. Better than most CDA sectors.","utilities"
faq_017,"What is the plot transfer fee in DHA?","DHA transfer fee: 1% of DC (District Collector) value + 1% of FBR value + 50,000 PKR processing fee. For 3.5Cr plot: ~7 lakh total. Paid by buyer typically.","legal"
faq_018,"Are there parks in DHA Phase 9 Prism?","Yes, DHA Phase 9 Prism has multiple parks: Central Park (20 acres), Sector parks in each block, jogging tracks, children play areas. 25% area allocated to green spaces.","amenities"
faq_019,"What is the tax on property purchase in Pakistan?","Property purchase taxes: 1% Stamp Duty (on DC value), 1% Registration Fee, 1% Capital Value Tax (on FBR value), 1% DHA transfer fee. Total ~3-4% of property value. Filer vs non-filer affects rates.","legal"
faq_020,"How to verify property documents in DHA?","Verify: 1) Check DHA membership card, 2) Verify allotment letter, 3) Check NOC status on DHA portal, 4) Confirm no dues/dues clearance certificate, 5) Verify seller CNIC matches membership.","legal"