id,title,type,status,price,price_per_sqft,area_sqft,city,area,bedrooms,bathrooms,developer,project_name,possession_date,amenities,nearby_schools,nearby_hospitals,payment_plans,coordinates
prop_001,"DHA Phase 5, 10 Marla Plot","plot","available",35000000,15000,2700,"Lahore","DHA Phase 5",0,0,"DHA","DHA Phase 5","2025-12-31","[""park"", ""security"", ""mosque"", ""community_center""]","[""LGS"", ""Beaconhouse"", ""Aitchison""]","[""Shaukat Khanum"", ""Doctors Hospital""]","[{""down"": 20, ""installments"": 48, ""monthly"": 58333}]","{""lat"": 31.4500, ""lng"": 74.3500}"
prop_002,"Bahria Town Phase 8, 1 Kanal Plot","plot","available",45000000,18000,5400,"Islamabad","Bahria Town Phase 8",0,0,"Bahria Town","Bahria Town Phase 8","2026-06-30","[""park"", ""security"", ""mosque"", ""gym"", ""pool""]","[""Roots Millennium"", ""Beaconhouse""]","[""Shifa International""]","[{""down"": 25, ""installments"": 60, ""monthly"": 56250}]","{""lat"": 33.6200, ""lng"": 73.0800}"
prop_003,"DHA Phase 8, 5 Marla Plot","plot","available",18000000,14000,1350,"Lahore","DHA Phase 8",0,0,"DHA","DHA Phase 8","2025-12-31","[""park"", ""security"", ""mosque""]","[""LGS"", ""Lahore Grammar""]","[""Shaukat Khanum""]","[{""down"": 15, ""installments"": 48, ""monthly"": 31875}]","{""lat"": 31.4300, ""lng"": 74.3700}"
prop_004,"Bahria Enclave, 10 Marla House","house","available",42000000,16000,3000,"Islamabad","Bahria Enclave",4,3,"Bahria Town","Bahria Enclave","2024-12-31","[""park"", ""security"", ""mosque"", ""community_center"", ""gym""]","[""Roots Millennium"", ""Froebel's""]","[""Shifa International"", ""PIMS""]","[{""down"": 30, ""installments"": 48, ""monthly"": 61250}]","{""lat"": 33.6000, ""lng"": 73.1000}"
prop_005,"DHA Phase 6, 1 Kanal Commercial Plot","commercial","available",85000000,25000,5400,"Lahore","DHA Phase 6",0,0,"DHA","DHA Phase 6","2025-06-30","[""main_boulevard"", ""high_traffic"", ""parking"", ""security""]","","","[{""down"": 40, ""installments"": 36, ""monthly"": 1416667}]","{""lat"": 31.4700, ""lng"": 74.3400}"
prop_006,"Gulberg III, 5 Marla House","house","available",28000000,17000,1350,"Lahore","Gulberg III",3,2,"Private","Gulberg III","2024-06-30","[""park"", ""wide_roads"", ""near_market""]","[""LGS"", ""Beaconhouse""]","[""Doctors Hospital"", ""Ittefaq Hospital""]","[{""down"": 25, ""installments"": 48, ""monthly"": 43750}]","{""lat"": 31.5200, ""lng"": 74.3300}"
prop_007,"DHA Phase 9 Prism, 10 Marla Plot","plot","available",32000000,13000,2700,"Lahore","DHA Phase 9 Prism",0,0,"DHA","DHA Phase 9 Prism","2026-12-31","[""park"", ""security"", ""mosque"", ""gym""]","[""LGS"", ""Beaconhouse""]","[""Shaukat Khanum""]","[{""down"": 10, ""installments"": 60, ""monthly"": 48000}]","{""lat"": 31.4100, ""lng"": 74.3900}"
prop_008,"Bahria Town Phase 7, 5 Marla Plot","plot","available",15000000,12000,1350,"Rawalpindi","Bahria Town Phase 7",0,0,"Bahria Town","Bahria Town Phase 7","2025-12-31","[""park"", ""security"", ""mosque""]","[""Roots Millennium""]","[""Benazir Bhutto Hospital""]","[{""down"": 20, ""installments"": 48, ""monthly"": 25000}]","{""lat"": 33.5800, ""lng"": 73.0500}"
prop_009,"DHA Phase 5, 1 Kanal House","house","sold",65000000,20000,5400,"Lahore","DHA Phase 5",5,4,"DHA","DHA Phase 5","2023-12-31","[""park"", ""security"", ""mosque"", ""community_center"", ""gym"", ""pool""]","[""LGS"", ""Aitchison"", ""Beaconhouse""]","[""Shaukat Khanum"", ""Doctors Hospital""]","[{""down"": 30, ""installments"": 48, ""monthly"": 94792}]","{""lat"": 31.4500, ""lng"": 74.3500}"
prop_010,"Bahria Town Phase 8, 5 Marla Plot","plot","available",22000000,15000,1350,"Islamabad","Bahria Town Phase 8",0,0,"Bahria Town","Bahria Town Phase 8","2026-06-30","[""park"", ""security"", ""mosque"", ""gym""]","[""Roots Millennium"", ""Beaconhouse""]","[""Shifa International""]","[{""down"": 20, ""installments"": 48, ""monthly"": 36667}]","{""lat"": 33.6200, ""lng"": 73.0800}"
prop_011,"DHA Phase 6, 5 Marla Plot","plot","available",20000000,14000,1350,"Lahore","DHA Phase 6",0,0,"DHA","DHA Phase 6","2025-06-30","[""park"", ""security"", ""mosque""]","[""LGS"", ""Lahore Grammar""]","[""Doctors Hospital""]","[{""down"": 15, ""installments"": 48, ""monthly"": 35417}]","{""lat"": 31.4700, ""lng"": 74.3400}"
prop_012,"Gulberg Green, 10 Marla Plot","plot","available",25000000,12000,2700,"Islamabad","Gulberg Green",0,0,"IBECHS","Gulberg Green","2025-12-31","[""park"", ""security"", ""mosque"", ""wide_roads""]","[""Roots Millennium"", ""Froebel's""]","[""Shifa International""]","[{""down"": 10, ""installments"": 72, ""monthly"": 31250}]","{""lat"": 33.6500, ""lng"": 73.1200}"
prop_013,"DHA Phase 8, 10 Marla House","house","available",48000000,18000,3000,"Lahore","DHA Phase 8",4,3,"DHA","DHA Phase 8","2025-12-31","[""park"", ""security"", ""mosque"", ""community_center"", ""gym""]","[""LGS"", ""Beaconhouse""]","[""Shaukat Khanum""]","[{""down"": 25, ""installments"": 48, ""monthly"": 75000}]","{""lat"": 31.4300, ""lng"": 74.3700}"
prop_014,"Bahria Enclave, 5 Marla Plot","plot","available",12000000,10000,1350,"Islamabad","Bahria Enclave",0,0,"Bahria Town","Bahria Enclave","2025-12-31","[""park"", ""security"", ""mosque""]","[""Roots Millennium"", ""Froebel's""]","[""Shifa International""]","[{""down"": 15, ""installments"": 60, ""monthly"": 17000}]","{""lat"": 33.6000, ""lng"": 73.1000}"
prop_015,"DHA Phase 9, 1 Kanal Commercial","commercial","available",78000000,22000,5400,"Lahore","DHA Phase 9",0,0,"DHA","DHA Phase 9","2026-06-30","[""main_boulevard"", ""high_traffic"", ""parking"", ""security""]","","","[{""down"": 35, ""installments"": 36, ""monthly"": 1408333}]","{""lat"": 31.4100, ""lng"": 74.3900}"